salon,distancia,up,down
iOS Lab,189,13.711686502992922,39.216678817558595
iOS Lab,189,14.04811780492333,31.99429053891102
iOS Lab,189,1.2969616013300396,15.693594681136485
iOS Lab,189,13.79076895930485,12.293659530228632
iOS Lab,189,11.90764962101243,52.36775078998681
iOS Lab,189,13.213664306184727,50.68802563232043
iOS Lab,189,11.031865159647039,36.23590044640879
