salon,distancia,up,down
Lab Com 1,197,65.41985846848564,295.76743738637464
Lab Com 1,197,65.19574342813218,293.3798644156259
Lab Com 2,197,43.339150351895405,286.3834810200396
Lab Com 2,197,65.37922477110322,293.58281878211545
